game,config,position_index,score,nodes_explored,pruned_branches,pruning_efficiency,time_per_move_ms,nn_eval_calls,nn_order_calls,move_order_agreement,top3_hit_rate,exact_match_rate,move_rank_correlation,nodes_saved_vs_baseline,nodes_saved_per_nn_call,decision_source,search_depth_in_1s
tic_tac_toe,baseline,0,0.275,25,5,16.666666666666664,0.16200001118704677,0,0,1.0,1.0,1.0,1.0,0.0,,handcrafted,8
tic_tac_toe,baseline,1,-1.0,0,0,0.0,0.0033999676816165447,0,0,1.0,0.0,1.0,,0.0,,handcrafted,8
tic_tac_toe,baseline,2,0.425,173,132,43.278688524590166,1.3052999856881797,0,0,1.0,1.0,1.0,1.0,0.0,,handcrafted,8
tic_tac_toe,baseline,3,0.2,136,84,38.18181818181819,1.2724000262096524,0,0,1.0,1.0,1.0,1.0,0.0,,handcrafted,8
tic_tac_toe,baseline,4,1.0,7,2,22.22222222222222,0.08570001227781177,0,0,1.0,1.0,1.0,1.0,0.0,,handcrafted,8
tic_tac_toe,baseline,5,-1.0,0,0,0.0,0.003999972250312567,0,0,1.0,0.0,1.0,,0.0,,handcrafted,8
tic_tac_toe,baseline,6,-1.0,0,0,0.0,0.003700028173625469,0,0,1.0,0.0,1.0,,0.0,,handcrafted,8
tic_tac_toe,baseline,7,1.0,5,0,0.0,0.02789997961372137,0,0,1.0,1.0,1.0,1.0,0.0,,handcrafted,8
tic_tac_toe,baseline,8,0.275,144,100,40.98360655737705,1.1011000024154782,0,0,1.0,1.0,1.0,1.0,0.0,,handcrafted,8
tic_tac_toe,baseline,9,-0.05,33,1,2.941176470588235,0.23120001424103975,0,0,1.0,1.0,1.0,1.0,0.0,,handcrafted,8
tic_tac_toe,baseline,10,0.35000000000000003,90,30,25.0,0.9575999574735761,0,0,1.0,1.0,1.0,1.0,0.0,,handcrafted,8
tic_tac_toe,baseline,11,-1.0,12,8,40.0,0.05299999611452222,0,0,1.0,1.0,1.0,1.0,0.0,,handcrafted,8
tic_tac_toe,baseline,12,0.5000000000000001,102,47,31.543624161073826,1.1143999872729182,0,0,1.0,1.0,1.0,1.0,0.0,,handcrafted,8
tic_tac_toe,baseline,13,-1.0,0,0,0.0,0.004400033503770828,0,0,1.0,0.0,1.0,,0.0,,handcrafted,8
tic_tac_toe,baseline,14,0.275,119,89,42.78846153846153,1.1567999608814716,0,0,1.0,1.0,1.0,1.0,0.0,,handcrafted,8
tic_tac_toe,baseline,15,-0.0,1,0,0.0,0.01650000922381878,0,0,1.0,1.0,1.0,,0.0,,handcrafted,8
tic_tac_toe,baseline,16,-1.0,0,0,0.0,0.010800024028867483,0,0,1.0,0.0,1.0,,0.0,,handcrafted,8
tic_tac_toe,baseline,17,-1.0,0,0,0.0,0.00300002284348011,0,0,1.0,0.0,1.0,,0.0,,handcrafted,8
tic_tac_toe,baseline,18,0.425,173,132,43.278688524590166,1.8143000197596848,0,0,1.0,1.0,1.0,1.0,0.0,,handcrafted,8
tic_tac_toe,baseline,19,1.0,50,4,7.4074074074074066,0.32649998320266604,0,0,1.0,1.0,1.0,0.9999999999999999,0.0,,handcrafted,8
tic_tac_toe,nn_eval,0,-0.2646206021308899,30,2,6.25,5.002800025977194,18,0,0.0,1.0,0.0,0.6000000000000001,-5.0,-0.2777777777777778,heuristic_network,8
tic_tac_toe,nn_eval,1,1.0,0,0,0.0,0.1674999948590994,1,0,1.0,0.0,1.0,,0.0,0.0,heuristic_network,8
tic_tac_toe,nn_eval,2,0.38461264967918396,210,123,36.93693693693694,30.477499996777624,165,0,1.0,1.0,1.0,0.5499999999999999,-37.0,-0.22424242424242424,heuristic_network,6
tic_tac_toe,nn_eval,3,0.0032370518893003464,168,70,29.411764705882355,22.84779999172315,131,0,1.0,1.0,1.0,0.5714285714285715,-32.0,-0.24427480916030533,heuristic_network,8
tic_tac_toe,nn_eval,4,-0.26417267322540283,9,1,10.0,1.0335000115446746,4,0,0.0,1.0,0.0,-0.5,-2.0,-0.5,heuristic_network,8
tic_tac_toe,nn_eval,5,0.5432215929031372,0,0,0.0,0.12280000373721123,1,0,1.0,0.0,1.0,,0.0,0.0,heuristic_network,8
tic_tac_toe,nn_eval,6,0.8746838569641113,0,0,0.0,0.10810000821948051,1,0,1.0,0.0,1.0,,0.0,0.0,heuristic_network,8
tic_tac_toe,nn_eval,7,0.7323567867279053,5,0,0.0,0.47750002704560757,4,0,0.0,1.0,0.0,-1.0,0.0,0.0,heuristic_network,8
tic_tac_toe,nn_eval,8,-0.2394181340932846,148,90,37.81512605042017,17.823300033342093,111,0,1.0,1.0,1.0,0.261904761904762,-4.0,-0.036036036036036036,heuristic_network,8
tic_tac_toe,nn_eval,9,-0.07110897451639175,24,4,14.285714285714285,2.465000026859343,14,0,0.0,1.0,0.0,0.39999999999999997,9.0,0.6428571428571429,heuristic_network,8
tic_tac_toe,nn_eval,10,0.11871796101331711,95,17,15.178571428571427,11.28829998197034,70,0,0.0,0.0,0.0,-0.028571428571428574,-5.0,-0.07142857142857142,heuristic_network,8
tic_tac_toe,nn_eval,11,0.12678112089633942,28,0,0.0,2.524400013498962,18,0,0.0,1.0,0.0,-0.19999999999999998,-16.0,-0.8888888888888888,heuristic_network,8
tic_tac_toe,nn_eval,12,0.4076646864414215,67,42,38.53211009174312,6.389499991200864,48,0,0.0,1.0,0.0,0.3571428571428572,35.0,0.7291666666666666,heuristic_network,8
tic_tac_toe,nn_eval,13,0.48119714856147766,0,0,0.0,0.11790002463385463,1,0,1.0,0.0,1.0,,0.0,0.0,heuristic_network,8
tic_tac_toe,nn_eval,14,0.07852753251791,134,92,40.707964601769916,14.414299977943301,99,0,1.0,1.0,1.0,0.38095238095238104,-15.0,-0.15151515151515152,heuristic_network,8
tic_tac_toe,nn_eval,15,-0.5380829572677612,1,0,0.0,0.12820004485547543,1,0,1.0,1.0,1.0,,0.0,0.0,heuristic_network,8
tic_tac_toe,nn_eval,16,0.5638324022293091,0,0,0.0,0.2769000129774213,1,0,1.0,0.0,1.0,,0.0,0.0,heuristic_network,8
tic_tac_toe,nn_eval,17,0.9595264196395874,0,0,0.0,0.10880001354962587,1,0,1.0,0.0,1.0,,0.0,0.0,heuristic_network,8
tic_tac_toe,nn_eval,18,0.38461264967918396,210,123,36.93693693693694,22.366999997757375,165,0,1.0,1.0,1.0,0.5499999999999999,-37.0,-0.22424242424242424,heuristic_network,6
tic_tac_toe,nn_eval,19,-0.02591908909380436,30,9,23.076923076923077,2.9744000057689846,20,0,0.0,0.0,0.0,-0.09999999999999999,20.0,1.0,heuristic_network,8
tic_tac_toe,nn_order,0,0.275,16,8,33.33333333333333,3.5100000095553696,0,9,1.0,1.0,1.0,0.7999999999999999,9.0,1.0,move_ordering_network,8
tic_tac_toe,nn_order,1,-1.0,0,0,0.0,0.0039000296965241432,0,0,1.0,0.0,1.0,,0.0,,handcrafted,8
tic_tac_toe,nn_order,2,0.425,102,91,47.15025906735752,8.620299980975688,0,26,1.0,1.0,1.0,0.43333333333333335,71.0,2.730769230769231,move_ordering_network,8
tic_tac_toe,nn_order,3,0.2,76,72,48.64864864864865,4.602000000886619,0,23,1.0,1.0,1.0,-0.09523809523809526,60.0,2.608695652173913,move_ordering_network,8
tic_tac_toe,nn_order,4,1.0,7,2,22.22222222222222,0.8093999931588769,0,5,1.0,1.0,1.0,1.0,0.0,0.0,move_ordering_network,8
tic_tac_toe,nn_order,5,-1.0,0,0,0.0,0.004499976057559252,0,0,1.0,0.0,1.0,,0.0,,handcrafted,8
tic_tac_toe,nn_order,6,-1.0,0,0,0.0,0.003700028173625469,0,0,1.0,0.0,1.0,,0.0,,handcrafted,8
tic_tac_toe,nn_order,7,1.0,4,1,20.0,0.4683999577537179,0,2,1.0,1.0,1.0,1.0,1.0,0.5,move_ordering_network,8
tic_tac_toe,nn_order,8,0.275,78,70,47.2972972972973,6.544000003486872,0,23,1.0,1.0,1.0,0.6428571428571429,66.0,2.869565217391304,move_ordering_network,8
tic_tac_toe,nn_order,9,-0.05,17,7,29.166666666666668,1.5459000132977962,0,9,1.0,1.0,1.0,0.7999999999999999,16.0,1.7777777777777777,move_ordering_network,8
tic_tac_toe,nn_order,10,0.35000000000000003,78,38,32.758620689655174,5.1259000319987535,0,27,1.0,1.0,1.0,0.7142857142857143,12.0,0.4444444444444444,move_ordering_network,8
tic_tac_toe,nn_order,11,-1.0,17,7,29.166666666666668,1.37339998036623,0,9,0.0,1.0,0.0,0.6000000000000001,-5.0,-0.5555555555555556,move_ordering_network,8
tic_tac_toe,nn_order,12,0.5000000000000001,93,56,37.58389261744966,4.955400014296174,0,28,1.0,1.0,1.0,0.9642857142857145,9.0,0.32142857142857145,move_ordering_network,8
tic_tac_toe,nn_order,13,-1.0,0,0,0.0,0.006099988240748644,0,0,1.0,0.0,1.0,,0.0,,handcrafted,8
tic_tac_toe,nn_order,14,0.275,77,71,47.97297297297297,4.529499972704798,0,23,1.0,1.0,1.0,0.19047619047619052,42.0,1.826086956521739,move_ordering_network,8
tic_tac_toe,nn_order,15,-0.0,1,0,0.0,0.0893000396899879,0,1,1.0,1.0,1.0,,0.0,0.0,move_ordering_network,8
tic_tac_toe,nn_order,16,-1.0,0,0,0.0,0.015199999324977398,0,0,1.0,0.0,1.0,,0.0,,handcrafted,8
tic_tac_toe,nn_order,17,-1.0,0,0,0.0,0.0029999646358191967,0,0,1.0,0.0,1.0,,0.0,,handcrafted,8
tic_tac_toe,nn_order,18,0.425,102,91,47.15025906735752,9.00660001207143,0,26,1.0,1.0,1.0,0.43333333333333335,71.0,2.730769230769231,move_ordering_network,8
tic_tac_toe,nn_order,19,1.0,18,15,45.45454545454545,1.4244000194594264,0,9,1.0,1.0,1.0,0.8999999999999998,32.0,3.5555555555555554,move_ordering_network,8
tic_tac_toe,full_hybrid,0,-0.2646206021308899,28,2,6.666666666666667,12.512499990407377,17,12,0.0,1.0,0.0,0.6000000000000001,-3.0,-0.10344827586206896,heuristic_network,8
tic_tac_toe,full_hybrid,1,1.0,0,0,0.0,0.19539997447282076,1,0,1.0,0.0,1.0,,0.0,0.0,heuristic_network,8
tic_tac_toe,full_hybrid,2,0.38461264967918396,162,87,34.93975903614458,29.535099980421364,129,34,1.0,1.0,1.0,0.39999999999999997,11.0,0.06748466257668712,heuristic_network,6
tic_tac_toe,full_hybrid,3,0.0032370518893003464,95,59,38.311688311688314,18.26660003280267,72,24,1.0,1.0,1.0,0.3333333333333334,41.0,0.4270833333333333,heuristic_network,6
tic_tac_toe,full_hybrid,4,-0.26417267322540283,9,1,10.0,1.956299995072186,4,6,0.0,1.0,0.0,-0.5,-2.0,-0.2,move_ordering_network,8
tic_tac_toe,full_hybrid,5,0.5432215929031372,0,0,0.0,0.12009998317807913,1,0,1.0,0.0,1.0,,0.0,0.0,heuristic_network,8
tic_tac_toe,full_hybrid,6,0.8746838569641113,0,0,0.0,0.10880001354962587,1,0,1.0,0.0,1.0,,0.0,0.0,heuristic_network,8
tic_tac_toe,full_hybrid,7,0.7323567867279053,5,0,0.0,0.7997999782674015,4,2,0.0,1.0,0.0,-1.0,0.0,0.0,heuristic_network,8
tic_tac_toe,full_hybrid,8,-0.2394181340932846,95,65,40.625,13.526000024285167,71,25,1.0,1.0,1.0,0.3333333333333334,49.0,0.5104166666666666,heuristic_network,6
tic_tac_toe,full_hybrid,9,-0.07110897451639175,24,4,14.285714285714285,3.868600004352629,14,11,1.0,1.0,1.0,0.7999999999999999,9.0,0.36,heuristic_network,8
tic_tac_toe,full_hybrid,10,0.11871796101331711,65,27,29.347826086956523,9.873499977402389,45,21,0.0,0.0,0.0,0.2,25.0,0.3787878787878788,heuristic_network,8
tic_tac_toe,full_hybrid,11,0.12678112089633942,23,3,11.538461538461538,4.551999969407916,14,10,0.0,1.0,0.0,-0.39999999999999997,-11.0,-0.4583333333333333,heuristic_network,8
tic_tac_toe,full_hybrid,12,0.4076646864414215,113,46,28.930817610062892,25.232699990738183,84,30,0.0,1.0,0.0,0.5,-11.0,-0.09649122807017543,heuristic_network,8
tic_tac_toe,full_hybrid,13,0.48119714856147766,0,0,0.0,0.12179999612271786,1,0,1.0,0.0,1.0,,0.0,0.0,heuristic_network,8
tic_tac_toe,full_hybrid,14,0.07852753251791,97,69,41.566265060240966,13.297899975441396,72,26,1.0,1.0,1.0,0.523809523809524,22.0,0.22448979591836735,heuristic_network,6
tic_tac_toe,full_hybrid,15,-0.5380829572677612,1,0,0.0,0.17319998005405068,1,1,1.0,1.0,1.0,,0.0,0.0,heuristic_network,8
tic_tac_toe,full_hybrid,16,0.5638324022293091,0,0,0.0,0.5665000062435865,1,0,1.0,0.0,1.0,,0.0,0.0,heuristic_network,8
tic_tac_toe,full_hybrid,17,0.9595264196395874,0,0,0.0,0.118900032248348,1,0,1.0,0.0,1.0,,0.0,0.0,heuristic_network,8
tic_tac_toe,full_hybrid,18,0.38461264967918396,162,87,34.93975903614458,27.53000002121553,129,34,1.0,1.0,1.0,0.39999999999999997,11.0,0.06748466257668712,heuristic_network,6
tic_tac_toe,full_hybrid,19,-0.02591908909380436,37,11,22.916666666666664,5.675200023688376,24,14,0.0,0.0,0.0,-0.09999999999999999,13.0,0.34210526315789475,heuristic_network,8
connect_four,baseline,0,-0.07500000000000001,192,81,29.67032967032967,19.666200038045645,0,0,1.0,1.0,1.0,1.0,0.0,,handcrafted,6
connect_four,baseline,1,0.12500000000000003,176,83,32.04633204633205,14.514300040900707,0,0,1.0,1.0,1.0,1.0,0.0,,handcrafted,5
connect_four,baseline,2,0.07499999999999998,178,109,37.97909407665505,16.751399962231517,0,0,1.0,1.0,1.0,1.0,0.0,,handcrafted,6
connect_four,baseline,3,0.32500000000000007,281,76,21.288515406162464,26.109600032214075,0,0,1.0,1.0,1.0,1.0,0.0,,handcrafted,5
connect_four,baseline,4,0.30499999999999994,178,95,34.798534798534796,20.904699980746955,0,0,1.0,1.0,1.0,1.0,0.0,,handcrafted,6
connect_four,baseline,5,0.1175,192,74,27.819548872180448,16.743200016207993,0,0,1.0,1.0,1.0,1.0,0.0,,handcrafted,6
connect_four,baseline,6,-1.0,0,0,0.0,0.019000028260052204,0,0,1.0,0.0,1.0,,0.0,,handcrafted,8
connect_four,baseline,7,0.18000000000000002,188,99,34.494773519163765,16.028399986680597,0,0,1.0,1.0,1.0,1.0,0.0,,handcrafted,6
connect_four,baseline,8,0.13,188,50,21.008403361344538,19.163599994499236,0,0,1.0,1.0,1.0,1.0,0.0,,handcrafted,5
connect_four,baseline,9,0.1,206,74,26.42857142857143,18.291399988811463,0,0,1.0,1.0,1.0,1.0,0.0,,handcrafted,5
connect_four,baseline,10,-0.03499999999999998,139,53,27.604166666666668,15.401799988467246,0,0,1.0,1.0,1.0,1.0,0.0,,handcrafted,6
connect_four,baseline,11,0.13,217,70,24.390243902439025,17.53169996663928,0,0,1.0,1.0,1.0,1.0,0.0,,handcrafted,5
connect_four,baseline,12,0.05,160,85,34.69387755102041,13.852700009010732,0,0,1.0,1.0,1.0,1.0,0.0,,handcrafted,6
connect_four,baseline,13,0.08,151,87,36.554621848739494,12.647799972910434,0,0,1.0,1.0,1.0,1.0,0.0,,handcrafted,5
connect_four,baseline,14,0.1475,206,87,29.692832764505116,20.661299990024418,0,0,1.0,1.0,1.0,1.0,0.0,,handcrafted,5
connect_four,baseline,15,0.13,217,70,24.390243902439025,17.750200000591576,0,0,1.0,1.0,1.0,1.0,0.0,,handcrafted,5
connect_four,baseline,16,0.0925,218,62,22.142857142857142,20.958200038876384,0,0,1.0,1.0,1.0,1.0,0.0,,handcrafted,5
connect_four,baseline,17,0.15500000000000003,212,89,29.568106312292358,19.12140002241358,0,0,1.0,1.0,1.0,1.0,0.0,,handcrafted,5
connect_four,baseline,18,1.0,69,50,42.016806722689076,4.938800004310906,0,0,1.0,1.0,1.0,1.0,0.0,,handcrafted,8
connect_four,baseline,19,-0.02499999999999999,148,90,37.81512605042017,13.607500004582107,0,0,1.0,1.0,1.0,1.0,0.0,,handcrafted,6
connect_four,nn_eval,0,0.04765278100967407,228,45,16.483516483516482,80.86090005235747,190,0,1.0,1.0,1.0,0.10714285714285716,-36.0,-0.18947368421052632,heuristic_network,4
connect_four,nn_eval,1,0.18117520213127136,215,79,26.87074829931973,57.451500033494085,174,0,0.0,0.0,0.0,-0.7857142857142859,-39.0,-0.22413793103448276,heuristic_network,4
connect_four,nn_eval,2,0.23463082313537598,198,103,34.21926910299003,52.94120003236458,156,0,1.0,1.0,1.0,0.7500000000000002,-20.0,-0.1282051282051282,heuristic_network,5
connect_four,nn_eval,3,1.0,133,98,42.42424242424242,35.16849997686222,101,0,0.0,1.0,0.0,0.5357142857142858,148.0,1.4653465346534653,heuristic_network,5
connect_four,nn_eval,4,0.4979214668273926,152,79,34.1991341991342,48.51819999748841,120,0,1.0,1.0,1.0,0.7857142857142859,26.0,0.21666666666666667,heuristic_network,5
connect_four,nn_eval,5,0.39159733057022095,209,64,23.44322344322344,58.091399958357215,171,0,0.0,1.0,0.0,0.5714285714285715,-17.0,-0.09941520467836257,heuristic_network,4
connect_four,nn_eval,6,-0.2591194808483124,0,0,0.0,0.30449999030679464,1,0,1.0,0.0,1.0,,0.0,0.0,heuristic_network,8
connect_four,nn_eval,7,0.5102545619010925,190,83,30.4029304029304,57.07829998573288,152,0,0.0,1.0,0.0,0.7500000000000002,-2.0,-0.013157894736842105,heuristic_network,5
connect_four,nn_eval,8,1.0,131,79,37.61904761904762,39.54829997383058,102,0,0.0,1.0,0.0,-0.1785714285714286,57.0,0.5588235294117647,heuristic_network,5
connect_four,nn_eval,9,0.2449151873588562,243,79,24.53416149068323,68.08320002164692,198,0,0.0,0.0,0.0,-0.4642857142857144,-37.0,-0.18686868686868688,heuristic_network,4
connect_four,nn_eval,10,0.4835163354873657,153,51,25.0,43.56399999232963,120,0,1.0,1.0,1.0,0.8285714285714287,-14.0,-0.11666666666666667,heuristic_network,5
connect_four,nn_eval,11,0.27473562955856323,206,88,29.931972789115648,75.39569999789819,165,0,1.0,1.0,1.0,0.7500000000000002,11.0,0.06666666666666667,heuristic_network,4
connect_four,nn_eval,12,0.4630383849143982,189,49,20.588235294117645,62.345199985429645,156,0,0.0,0.0,0.0,0.28571428571428575,-29.0,-0.1858974358974359,heuristic_network,5
connect_four,nn_eval,13,0.21307432651519775,165,59,26.339285714285715,48.35349996574223,134,0,0.0,1.0,0.0,-0.42857142857142866,-14.0,-0.1044776119402985,heuristic_network,5
connect_four,nn_eval,14,0.09897443652153015,236,85,26.479750778816197,75.57689998066053,191,0,0.0,1.0,0.0,0.5,-30.0,-0.15706806282722513,heuristic_network,4
connect_four,nn_eval,15,0.27473562955856323,206,88,29.931972789115648,53.929799993056804,165,0,1.0,1.0,1.0,0.7500000000000002,11.0,0.06666666666666667,heuristic_network,4
connect_four,nn_eval,16,0.41972172260284424,253,83,24.702380952380953,78.42420000815764,206,0,0.0,1.0,0.0,0.7500000000000002,-35.0,-0.16990291262135923,heuristic_network,5
connect_four,nn_eval,17,0.5131446123123169,207,66,24.175824175824175,57.693100010510534,169,0,0.0,1.0,0.0,0.7142857142857144,5.0,0.029585798816568046,heuristic_network,5
connect_four,nn_eval,18,0.3534284234046936,99,76,43.42857142857143,26.046100014355034,75,0,0.0,0.0,0.0,0.0,-30.0,-0.4,heuristic_network,6
connect_four,nn_eval,19,0.6727426052093506,149,61,29.04761904761905,43.23200002545491,120,0,0.0,0.0,0.0,-0.42857142857142866,-1.0,-0.008333333333333333,heuristic_network,5
connect_four,nn_order,0,-0.07500000000000001,134,125,48.26254826254826,33.92019995953888,0,37,1.0,1.0,1.0,0.642857142857143,58.0,1.5675675675675675,move_ordering_network,5
connect_four,nn_order,1,0.12500000000000003,83,71,46.103896103896105,16.520900011528283,0,22,1.0,1.0,1.0,1.0,93.0,4.2272727272727275,move_ordering_network,5
connect_four,nn_order,2,0.07499999999999998,82,65,44.21768707482993,17.739699978847057,0,21,1.0,1.0,1.0,0.1785714285714286,96.0,4.571428571428571,move_ordering_network,6
connect_four,nn_order,3,0.32500000000000007,150,60,28.57142857142857,26.860399986617267,0,30,1.0,1.0,1.0,0.4642857142857144,131.0,4.366666666666666,move_ordering_network,5
connect_four,nn_order,4,0.30499999999999994,104,92,46.93877551020408,25.063699984457344,0,28,1.0,1.0,1.0,0.5,74.0,2.642857142857143,move_ordering_network,6
connect_four,nn_order,5,0.1175,114,96,45.714285714285715,21.858800027985126,0,30,1.0,1.0,1.0,0.6071428571428572,78.0,2.6,move_ordering_network,6
connect_four,nn_order,6,-1.0,0,0,0.0,0.017499958630651236,0,0,1.0,0.0,1.0,,0.0,,handcrafted,8
connect_four,nn_order,7,0.18000000000000002,76,71,48.29931972789115,16.1466000135988,0,21,1.0,1.0,1.0,0.25,112.0,5.333333333333333,move_ordering_network,6
connect_four,nn_order,8,0.13,76,71,48.29931972789115,13.992799969855696,0,21,1.0,1.0,1.0,-0.10714285714285716,112.0,5.333333333333333,move_ordering_network,6
connect_four,nn_order,9,0.1,91,70,43.47826086956522,16.523799975402653,0,23,1.0,1.0,1.0,0.3571428571428572,115.0,5.0,move_ordering_network,6
connect_four,nn_order,10,-0.03499999999999998,69,69,50.0,17.924999992828816,0,23,1.0,1.0,1.0,0.5428571428571429,70.0,3.0434782608695654,move_ordering_network,6
connect_four,nn_order,11,0.13,75,72,48.97959183673469,14.031700033228844,0,21,1.0,1.0,1.0,0.8214285714285715,142.0,6.761904761904762,move_ordering_network,6
connect_four,nn_order,12,0.05,83,71,46.103896103896105,22.642800002358854,0,22,1.0,1.0,1.0,0.642857142857143,77.0,3.5,move_ordering_network,6
connect_four,nn_order,13,0.08,87,102,53.96825396825397,17.716699978336692,0,27,1.0,1.0,1.0,0.6071428571428572,64.0,2.3703703703703702,move_ordering_network,6
connect_four,nn_order,14,0.1475,160,50,23.809523809523807,27.775299968197942,0,30,1.0,1.0,1.0,0.42857142857142866,46.0,1.5333333333333334,move_ordering_network,5
connect_four,nn_order,15,0.13,75,72,48.97959183673469,13.280100014526397,0,21,1.0,1.0,1.0,0.8214285714285715,142.0,6.761904761904762,move_ordering_network,6
connect_four,nn_order,16,0.0925,77,70,47.61904761904761,17.69489998696372,0,21,1.0,1.0,1.0,0.6785714285714287,141.0,6.714285714285714,move_ordering_network,6
connect_four,nn_order,17,0.15500000000000003,76,71,48.29931972789115,22.137499996460974,0,21,1.0,1.0,1.0,0.6071428571428572,136.0,6.476190476190476,move_ordering_network,6
connect_four,nn_order,18,1.0,72,47,39.49579831932773,12.214800051879138,0,17,0.0,0.0,0.0,0.3571428571428572,-3.0,-0.17647058823529413,move_ordering_network,7
connect_four,nn_order,19,-0.02499999999999999,106,83,43.91534391534391,20.850999979302287,0,27,1.0,1.0,1.0,0.7142857142857144,42.0,1.5555555555555556,move_ordering_network,6
connect_four,full_hybrid,0,0.04765278100967407,170,68,28.57142857142857,70.95280004432425,137,34,1.0,1.0,1.0,-0.03571428571428572,22.0,0.1286549707602339,heuristic_network,5
connect_four,full_hybrid,1,0.18117520213127136,194,107,35.548172757475086,64.3244999810122,152,43,0.0,0.0,0.0,-0.7857142857142859,-18.0,-0.09230769230769231,heuristic_network,5
connect_four,full_hybrid,2,0.23463082313537598,139,78,35.944700460829495,56.345999997574836,109,31,1.0,1.0,1.0,0.7857142857142859,39.0,0.2785714285714286,heuristic_network,5
connect_four,full_hybrid,3,1.0,182,140,43.47826086956522,61.32849998539314,137,46,0.0,0.0,0.0,-0.3214285714285715,99.0,0.5409836065573771,heuristic_network,5
connect_four,full_hybrid,4,0.4979214668273926,136,95,41.125541125541126,51.975400012452155,104,33,1.0,1.0,1.0,0.642857142857143,42.0,0.30656934306569344,heuristic_network,5
connect_four,full_hybrid,5,0.39159733057022095,171,95,35.714285714285715,64.70589997479692,134,38,0.0,1.0,0.0,0.39285714285714296,21.0,0.12209302325581395,heuristic_network,5
connect_four,full_hybrid,6,-0.2591194808483124,0,0,0.0,0.31809997744858265,1,0,1.0,0.0,1.0,,0.0,0.0,heuristic_network,8
connect_four,full_hybrid,7,0.5102545619010925,124,79,38.91625615763547,47.240399988368154,96,29,1.0,1.0,1.0,0.4642857142857144,64.0,0.512,heuristic_network,5
connect_four,full_hybrid,8,1.0,115,81,41.3265306122449,51.63949995767325,88,28,0.0,1.0,0.0,-0.3571428571428572,73.0,0.6293103448275862,heuristic_network,5
connect_four,full_hybrid,9,0.2449151873588562,211,104,33.01587301587301,79.21060000080615,167,45,0.0,0.0,0.0,-0.6071428571428572,-5.0,-0.02358490566037736,heuristic_network,5
connect_four,full_hybrid,10,0.4835163354873657,94,56,37.333333333333336,33.07979996316135,70,25,1.0,1.0,1.0,0.8857142857142858,45.0,0.47368421052631576,heuristic_network,5
connect_four,full_hybrid,11,0.27473562955856323,98,84,46.15384615384615,34.22380000120029,73,26,1.0,1.0,1.0,-0.10714285714285716,119.0,1.202020202020202,heuristic_network,6
connect_four,full_hybrid,12,0.4630383849143982,130,101,43.722943722943725,50.86940003093332,98,33,0.0,0.0,0.0,-0.28571428571428575,30.0,0.22900763358778625,heuristic_network,5
connect_four,full_hybrid,13,0.21307432651519775,135,110,44.89795918367347,52.82400001306087,101,35,0.0,1.0,0.0,-0.07142857142857144,16.0,0.11764705882352941,heuristic_network,6
connect_four,full_hybrid,14,0.09897443652153015,184,117,38.87043189368771,69.61920001776889,142,43,0.0,1.0,0.0,0.5,22.0,0.11891891891891893,heuristic_network,5
connect_four,full_hybrid,15,0.27473562955856323,98,84,46.15384615384615,40.17250001197681,73,26,1.0,1.0,1.0,-0.10714285714285716,119.0,1.202020202020202,heuristic_network,6
connect_four,full_hybrid,16,0.41972172260284424,110,86,43.87755102040816,42.906499991659075,83,28,0.0,1.0,0.0,0.28571428571428575,108.0,0.972972972972973,heuristic_network,5
connect_four,full_hybrid,17,0.5131446123123169,184,89,32.6007326007326,67.29789997916669,146,39,0.0,0.0,0.0,0.14285714285714288,28.0,0.15135135135135136,heuristic_network,5
connect_four,full_hybrid,18,0.3534284234046936,143,95,39.91596638655462,47.152599960099906,110,34,0.0,0.0,0.0,0.07142857142857144,-74.0,-0.5138888888888888,heuristic_network,5
connect_four,full_hybrid,19,0.6727426052093506,140,84,37.5,50.69579998962581,109,32,0.0,0.0,0.0,-0.8571428571428573,8.0,0.05673758865248227,heuristic_network,5
chess,baseline,0,0.16699264452407345,1954,2941,60.081716036772214,1324.4376000366174,0,0,1.0,1.0,1.0,0.9999999999999998,0.0,,handcrafted,2
chess,baseline,1,0.04140488603709543,1487,1813,54.939393939393945,1304.7094999928959,0,0,1.0,1.0,1.0,1.0,0.0,,handcrafted,2
chess,baseline,2,-0.27950298417987485,2095,3544,62.84802269906011,1817.4107000231743,0,0,1.0,1.0,1.0,1.0,0.0,,handcrafted,2
chess,baseline,3,0.15307304961327017,2059,1632,44.215659712814954,1333.2396000041626,0,0,1.0,1.0,1.0,1.0,0.0,,handcrafted,2
chess,baseline,4,0.1502816402631548,1293,2619,66.9478527607362,942.6405999693088,0,0,1.0,1.0,1.0,1.0,0.0,,handcrafted,3
chess,baseline,5,0.19050115303270485,2023,3355,62.383785793975456,1589.9433000013232,0,0,1.0,1.0,1.0,1.0,0.0,,handcrafted,2
chess,baseline,6,0.06704214176813374,1266,1138,47.33777038269551,782.2539000189863,0,0,1.0,1.0,1.0,1.0,0.0,,handcrafted,3
chess,baseline,7,0.06704214176813374,1266,1138,47.33777038269551,759.1888000024483,0,0,1.0,1.0,1.0,1.0,0.0,,handcrafted,3
chess,baseline,8,0.2246723279384028,1625,1515,48.2484076433121,1208.7535000173375,0,0,1.0,1.0,1.0,1.0,0.0,,handcrafted,2
chess,baseline,9,0.2233154328588391,3067,5147,62.66130995860726,2356.631600006949,0,0,1.0,1.0,1.0,1.0,0.0,,handcrafted,2
chess,baseline,10,0.1725422225090416,1321,1167,46.90514469453376,865.9320999868214,0,0,1.0,1.0,1.0,1.0,0.0,,handcrafted,3
chess,baseline,11,0.09966799462495582,2532,2090,45.21852012115967,2197.509200021159,0,0,1.0,1.0,1.0,1.0,0.0,,handcrafted,2
chess,baseline,12,-0.025708619574433204,1977,4925,71.35612865835989,1725.7442999980412,0,0,1.0,1.0,1.0,1.0,0.0,,handcrafted,2
chess,baseline,13,0.1194272985343859,2811,1667,37.226440375167485,1827.1958999685012,0,0,1.0,1.0,1.0,0.9999999999999998,0.0,,handcrafted,2
chess,baseline,14,0.06704214176813374,1266,1138,47.33777038269551,810.6698999763466,0,0,1.0,1.0,1.0,1.0,0.0,,handcrafted,3
chess,baseline,15,0.12364969918496393,1041,1367,56.769102990033225,677.4632000015117,0,0,1.0,1.0,1.0,1.0,0.0,,handcrafted,3
chess,baseline,16,-0.8371075021039844,3254,4950,60.336421257922964,2549.6841000276618,0,0,1.0,1.0,1.0,1.0,0.0,,handcrafted,2
chess,baseline,17,0.8015229665439951,1306,1031,44.11638853230638,842.2760999528691,0,0,1.0,1.0,1.0,1.0,0.0,,handcrafted,3
chess,baseline,18,0.20011960227009865,2736,6496,70.36395147313691,2074.916999961715,0,0,1.0,1.0,1.0,1.0,0.0,,handcrafted,2
chess,baseline,19,0.139092447878458,2373,3993,62.72384542884072,1928.3658000058495,0,0,1.0,1.0,1.0,1.0,0.0,,handcrafted,2
chess,nn_eval,0,0.4797024130821228,2173,1743,44.5097037793667,1218.672199989669,2030,0,0.0,0.0,0.0,-0.05369458128078817,-219.0,-0.10788177339901478,heuristic_network,2
chess,nn_eval,1,0.9133628010749817,1411,2955,67.68208886852955,733.4860999835655,1229,0,0.0,1.0,0.0,0.5157894736842105,76.0,0.061838893409275834,heuristic_network,3
chess,nn_eval,2,-0.4644578695297241,2948,5097,63.3561218147918,1546.3553000008687,2630,0,1.0,1.0,1.0,0.5663466967814795,-853.0,-0.3243346007604563,heuristic_network,2
chess,nn_eval,3,0.202986940741539,2094,2520,54.61638491547465,1058.255000039935,1912,0,0.0,0.0,0.0,0.3235460191981932,-35.0,-0.018305439330543932,heuristic_network,2
chess,nn_eval,4,0.8566106557846069,1357,1964,59.13881361035832,881.7036999971606,1224,0,0.0,0.0,0.0,-0.005263157894736842,-64.0,-0.05228758169934641,heuristic_network,2
chess,nn_eval,5,0.957825779914856,3528,6277,64.01835798062213,2422.9169999598525,3244,0,0.0,0.0,0.0,0.1129679144385027,-1505.0,-0.46393341553637485,heuristic_network,2
chess,nn_eval,6,0.2049112617969513,2154,2209,50.630300252120094,890.7400000025518,1963,0,0.0,0.0,0.0,0.12180451127819547,-888.0,-0.45236882322975036,heuristic_network,3
chess,nn_eval,7,0.2049112617969513,2154,2209,50.630300252120094,1170.0376000371762,1963,0,0.0,0.0,0.0,0.12180451127819547,-888.0,-0.45236882322975036,heuristic_network,2
chess,nn_eval,8,0.7002381086349487,3685,3153,46.1099736765136,2324.8364999890327,3457,0,0.0,0.0,0.0,0.28231368186874306,-2060.0,-0.5958923922476136,heuristic_network,2
chess,nn_eval,9,0.9570509195327759,5917,6968,54.07838571982926,2933.782299980521,5508,0,0.0,0.0,0.0,-0.08980938416422286,-2850.0,-0.5174291938997821,heuristic_network,2
chess,nn_eval,10,1.0,839,1306,60.88578088578088,440.4441000078805,737,0,0.0,0.0,0.0,-0.19298245614035087,482.0,0.6540027137042063,heuristic_network,3
chess,nn_eval,11,0.34138792753219604,2572,4022,60.994843797391574,1620.8807000075467,2311,0,0.0,0.0,0.0,0.2545454545454545,-40.0,-0.01730852444829078,heuristic_network,2
chess,nn_eval,12,-0.8718634247779846,2379,3010,55.85451846353684,1474.731200025417,2113,0,0.0,0.0,0.0,0.24664602683178533,-402.0,-0.1902508282063417,heuristic_network,2
chess,nn_eval,13,0.7525558471679688,5669,3411,37.56607929515419,3283.063300012145,5349,0,0.0,0.0,0.0,-0.3911330049261083,-2858.0,-0.5343054776593756,heuristic_network,2
chess,nn_eval,14,0.2049112617969513,2154,2209,50.630300252120094,1278.8123000063933,1963,0,0.0,0.0,0.0,0.12180451127819547,-888.0,-0.45236882322975036,heuristic_network,2
chess,nn_eval,15,0.38104701042175293,1676,1738,50.90802577621558,1076.6208000131883,1532,0,0.0,0.0,0.0,0.1077922077922078,-635.0,-0.41449086161879894,heuristic_network,3
chess,nn_eval,16,-0.6230305433273315,3689,3276,47.03517587939699,2368.894800019916,3413,0,0.0,0.0,0.0,0.1446153846153846,-435.0,-0.12745385291532377,heuristic_network,2
chess,nn_eval,17,0.973084568977356,2801,2700,49.08198509361934,1880.8350000181235,2618,0,0.0,0.0,0.0,-0.014662756598240468,-1495.0,-0.5710466004583652,heuristic_network,2
chess,nn_eval,18,0.67986661195755,5640,4715,45.53355866731047,3502.912700001616,5359,0,0.0,1.0,0.0,-0.2690666374876901,-2904.0,-0.541892144056727,heuristic_network,2
chess,nn_eval,19,0.814673900604248,969,2555,72.50283768444949,498.52990004001185,840,0,0.0,0.0,0.0,0.5902113459399333,1404.0,1.6714285714285715,heuristic_network,3
chess,nn_order,0,0.16699264452407345,2829,3084,52.15626585489599,2452.0606999867596,0,188,1.0,1.0,1.0,0.4645320197044333,-875.0,-4.654255319148936,move_ordering_network,2
chess,nn_order,1,0.04140488603709543,1016,2043,66.78653154625694,1089.0835000318475,0,132,1.0,1.0,1.0,0.6614035087719298,471.0,3.5681818181818183,move_ordering_network,2
chess,nn_order,2,-0.27950298417987485,808,1154,58.81753312945973,823.7886000424623,0,76,1.0,1.0,1.0,0.06154714850367025,1287.0,16.93421052631579,move_ordering_network,3
chess,nn_order,3,0.15307304961327017,1181,1965,62.46026700572155,967.4067000159994,0,129,1.0,1.0,1.0,0.2603049124788256,878.0,6.8062015503875966,move_ordering_network,2
chess,nn_order,4,0.1502816402631548,998,652,39.515151515151516,959.3371999799274,0,65,1.0,1.0,1.0,0.4526315789473684,295.0,4.538461538461538,move_ordering_network,3
chess,nn_order,5,0.19050115303270485,3407,4995,59.45013092120923,3508.114200027194,0,242,1.0,1.0,1.0,0.6641042780748664,-1384.0,-5.7190082644628095,move_ordering_network,2
chess,nn_order,6,0.06704214176813374,695,1750,71.57464212678937,678.17789997207,0,100,1.0,1.0,1.0,0.2902255639097744,571.0,5.71,move_ordering_network,3
chess,nn_order,7,0.06704214176813374,695,1750,71.57464212678937,563.5582000249997,0,100,1.0,1.0,1.0,0.2902255639097744,571.0,5.71,move_ordering_network,3
chess,nn_order,8,0.2246723279384028,1224,2013,62.18721037998146,1026.4252999913879,0,111,1.0,1.0,1.0,0.37842046718576194,401.0,3.6126126126126126,move_ordering_network,3
chess,nn_order,9,0.2233154328588391,4109,3801,48.05309734513274,3405.7464000070468,0,236,1.0,1.0,1.0,0.2602639296187683,-1042.0,-4.415254237288136,move_ordering_network,2
chess,nn_order,10,0.1725422225090416,1261,1956,60.80198943114703,923.9448999869637,0,144,1.0,1.0,1.0,0.47719298245614034,60.0,0.4166666666666667,move_ordering_network,3
chess,nn_order,11,0.09966799462495582,2122,1995,48.45761476803498,2000.635800010059,0,169,1.0,1.0,1.0,0.6922077922077923,410.0,2.42603550295858,move_ordering_network,2
chess,nn_order,12,-0.025708619574433204,314,2239,87.70074422248335,331.62389998324215,0,110,1.0,1.0,1.0,0.696594427244582,1663.0,15.118181818181819,move_ordering_network,3
chess,nn_order,13,0.1194272985343859,1637,2438,59.82822085889571,1290.6304000061937,0,138,1.0,1.0,1.0,-0.04088669950738915,1174.0,8.507246376811594,move_ordering_network,2
chess,nn_order,14,0.06704214176813374,695,1750,71.57464212678937,581.1983000021428,0,100,1.0,1.0,1.0,0.2902255639097744,571.0,5.71,move_ordering_network,3
chess,nn_order,15,0.12364969918496393,717,719,50.069637883008355,532.3657999979332,0,62,1.0,1.0,1.0,0.312987012987013,324.0,5.225806451612903,move_ordering_network,3
chess,nn_order,16,-0.8371075021039844,4736,2604,35.47683923705722,4418.59439999098,0,283,1.0,1.0,1.0,0.6269230769230768,-1482.0,-5.236749116607774,move_ordering_network,2
chess,nn_order,17,0.8015229665439951,1715,943,35.4778028592927,1278.9878000039607,0,101,1.0,1.0,1.0,0.7624633431085043,-409.0,-4.0495049504950495,move_ordering_network,2
chess,nn_order,18,0.20011960227009865,4592,3807,45.32682462197881,4114.415899966843,0,216,1.0,1.0,1.0,0.26731589889484625,-1856.0,-8.592592592592593,move_ordering_network,2
chess,nn_order,19,0.139092447878458,8147,4585,36.011624253848574,6632.494000019506,0,428,0.0,1.0,0.0,0.9915461624026695,-5774.0,-13.490654205607477,move_ordering_network,2
chess,full_hybrid,0,0.4797024130821228,1718,1174,40.594744121715074,1178.3468999783508,1614,105,0.0,0.0,0.0,-0.11970443349753691,236.0,0.1372891215823153,heuristic_network,2
chess,full_hybrid,1,0.9133628010749817,1468,2336,61.40904311251314,1103.3897000015713,1305,164,0.0,1.0,0.0,0.31578947368421056,19.0,0.012933968686181076,heuristic_network,3
chess,full_hybrid,2,-0.4644578695297241,1507,1664,52.475559760327975,994.5248999865726,1381,127,1.0,1.0,1.0,0.313382269904009,588.0,0.38992042440318303,heuristic_network,3
chess,full_hybrid,3,0.202986940741539,1437,3002,67.62784410903356,881.2859000172466,1268,170,0.0,0.0,0.0,0.33032185206098247,622.0,0.4325452016689847,heuristic_network,3
chess,full_hybrid,4,0.8566106557846069,990,1716,63.41463414634146,629.6892000245862,885,106,0.0,1.0,0.0,0.05263157894736842,303.0,0.3057517658930373,heuristic_network,3
chess,full_hybrid,5,0.957825779914856,2652,5113,65.84674822923374,1843.4093000250868,2421,232,0.0,0.0,0.0,0.27540106951871657,-629.0,-0.23709008669430834,heuristic_network,2
chess,full_hybrid,6,0.2049112617969513,1079,1471,57.68627450980392,736.5649999701418,978,102,0.0,0.0,0.0,0.3082706766917293,187.0,0.17314814814814813,heuristic_network,3
chess,full_hybrid,7,0.2049112617969513,1079,1471,57.68627450980392,769.7044999804348,978,102,0.0,0.0,0.0,0.3082706766917293,187.0,0.17314814814814813,heuristic_network,3
chess,full_hybrid,8,0.7002381086349487,2341,2835,54.772024729520865,1710.7746000401676,2162,180,0.0,0.0,0.0,0.13637374860956616,-716.0,-0.30572160546541416,heuristic_network,2
chess,full_hybrid,9,0.9570509195327759,2669,4564,63.09968201299599,2123.330000031274,2454,216,0.0,0.0,0.0,-0.20381231671554248,398.0,0.149063670411985,heuristic_network,2
chess,full_hybrid,10,1.0,568,656,53.59477124183007,385.35560003947467,510,59,0.0,0.0,0.0,0.02631578947368421,753.0,1.3233743409490335,heuristic_network,3
chess,full_hybrid,11,0.34138792753219604,1888,3189,62.81268465629309,1270.8178999600932,1696,193,0.0,0.0,0.0,0.40649350649350646,644.0,0.3409211222869243,heuristic_network,2
chess,full_hybrid,12,-0.8718634247779846,392,1886,82.79192273924495,301.8660999950953,278,115,0.0,0.0,0.0,0.29411764705882354,1585.0,4.033078880407125,heuristic_network,3
chess,full_hybrid,13,0.7525558471679688,2048,2647,56.37912673056443,1400.6802000221796,1888,161,0.0,0.0,0.0,0.041871921182266,763.0,0.3723767691556857,heuristic_network,2
chess,full_hybrid,14,0.2049112617969513,1079,1471,57.68627450980392,755.2886999910697,978,102,0.0,0.0,0.0,0.3082706766917293,187.0,0.17314814814814813,heuristic_network,3
chess,full_hybrid,15,0.38104701042175293,1525,1726,53.091356505690555,987.2966000111774,1387,139,0.0,0.0,0.0,0.1922077922077922,-484.0,-0.31716906946264745,heuristic_network,3
chess,full_hybrid,16,-0.6230305433273315,1510,2864,65.47782350251487,1035.0001999759115,1339,172,0.0,0.0,0.0,-0.12307692307692307,1744.0,1.1542025148908008,heuristic_network,2
chess,full_hybrid,17,0.973084568977356,2574,3184,55.29697811740187,1583.7586000561714,2385,190,0.0,0.0,0.0,-0.33944281524926684,-1268.0,-0.4924271844660194,heuristic_network,2
chess,full_hybrid,18,0.67986661195755,3189,3926,55.1791988756149,2265.6825000303797,2997,193,0.0,1.0,0.0,-0.18284276179013018,-453.0,-0.1420062695924765,heuristic_network,2
chess,full_hybrid,19,0.814673900604248,3885,5434,58.31097757270093,2701.267599943094,3574,312,0.0,0.0,0.0,0.4211345939933259,-1512.0,-0.38908903757076685,heuristic_network,2
